company_id,file_name,section,overall_sentiment,sentiment_score,confidence,chunk_count,positive_ratio,negative_ratio
1001601,1001601_10K_2020_0001493152-21-008913.json,item_7,Negative,-0.11,1.0,46,0.09,0.22
1001601,1001601_10K_2020_0001493152-21-008913.json,item_1A,Negative,-0.42,1.0,82,0.04,0.56
1002517,1002517_10K_2021_0001002517-21-000052.json,item_7,Negative,-0.14,1.0,131,0.14,0.27
1002517,1002517_10K_2021_0001002517-21-000052.json,item_1A,Negative,-0.51,1.0,91,0.01,0.64
1013462,1013462_10K_2020_0001013462-21-000009.json,item_7,Neutral,0.03,1.0,144,0.22,0.19
1013462,1013462_10K_2020_0001013462-21-000009.json,item_1A,Negative,-0.5,1.0,86,0.05,0.64
1013857,1013857_10K_2020_0001013857-21-000032.json,item_7,Positive,0.09,1.0,48,0.19,0.08
1013857,1013857_10K_2020_0001013857-21-000032.json,item_1A,Negative,-0.36,1.0,104,0.05,0.49
1015739,1015739_10K_2020_0001564590-21-006373.json,item_7,Neutral,0.01,1.0,39,0.18,0.15
1015739,1015739_10K_2020_0001564590-21-006373.json,item_1A,Negative,-0.49,1.0,48,0.0,0.6
1017655,1017655_10K_2020_0001654954-21-003649.json,item_7,Negative,-0.09,1.0,27,0.07,0.19
1017655,1017655_10K_2020_0001654954-21-003649.json,item_1A,Negative,-0.35,1.0,51,0.06,0.49
1019034,1019034_10K_2020_0001437749-21-007486.json,item_7,Neutral,0.0,1.0,37,0.16,0.16
1019034,1019034_10K_2020_0001437749-21-007486.json,item_1A,Negative,-0.39,1.0,64,0.0,0.47
1019671,1019671_10K_2021_0001564590-21-018886.json,item_7,Negative,-0.14,1.0,94,0.05,0.2
1019671,1019671_10K_2021_0001564590-21-018886.json,item_1A,Negative,-0.51,1.0,136,0.07,0.66
1021435,1021435_10K_2020_0001493152-21-007517.json,item_7,Neutral,-0.03,1.0,32,0.12,0.16
1021435,1021435_10K_2020_0001493152-21-007517.json,item_1A,Negative,-0.41,1.0,46,0.07,0.57
1022505,1022505_10K_2021_0001493152-21-032215.json,item_7,Negative,-0.11,1.0,24,0.12,0.21
1022505,1022505_10K_2021_0001493152-21-032215.json,item_1A,Negative,-0.49,1.0,155,0.02,0.61
1023731,1023731_10K_2021_0001023731-21-000091.json,item_7,Positive,0.15,1.0,61,0.34,0.2
1023731,1023731_10K_2021_0001023731-21-000091.json,item_1A,Negative,-0.42,1.0,131,0.05,0.55
1029744,1029744_10K_2021_0001437749-21-028230.json,item_7,Neutral,0.0,1.0,3,0.0,0.0
1029744,1029744_10K_2021_0001437749-21-028230.json,item_1A,Negative,-0.47,1.0,143,0.06,0.6
1031308,1031308_10K_2020_0001628280-21-003727.json,item_7,Positive,0.05,1.0,235,0.19,0.13
1031308,1031308_10K_2020_0001628280-21-003727.json,item_1A,Negative,-0.46,1.0,114,0.0,0.55
1036188,1036188_10K_2021_0001437749-21-008761.json,item_7,Negative,-0.1,1.0,133,0.16,0.26
1036188,1036188_10K_2021_0001437749-21-008761.json,item_1A,Negative,-0.53,1.0,90,0.02,0.64
1039280,1039280_10K_2021_0001493152-21-023957.json,item_7,Neutral,0.01,1.0,83,0.19,0.17
1044777,1044777_10K_2020_0001558370-21-001842.json,item_7,Negative,-0.13,1.0,92,0.08,0.21
1044777,1044777_10K_2020_0001558370-21-001842.json,item_1A,Negative,-0.57,1.0,130,0.02,0.68
1046327,1046327_10K_2020_0001046327-21-000018.json,item_7,Negative,-0.25,1.0,55,0.07,0.35
1046327,1046327_10K_2020_0001046327-21-000018.json,item_1A,Negative,-0.46,1.0,84,0.01,0.55
1050446,1050446_10K_2020_0001564590-21-005783.json,item_7,Negative,-0.21,1.0,122,0.05,0.28
1050446,1050446_10K_2020_0001564590-21-005783.json,item_1A,Negative,-0.35,1.0,152,0.02,0.43
1052054,1052054_10K_2020_0001562762-21-000123.json,item_7,Negative,-0.07,1.0,68,0.15,0.21
1052054,1052054_10K_2020_0001562762-21-000123.json,item_1A,Negative,-0.52,1.0,137,0.02,0.65
1054721,1054721_10K_2020_0001437749-21-006492.json,item_7,Negative,-0.16,1.0,35,0.11,0.29
1054721,1054721_10K_2020_0001437749-21-006492.json,item_1A,Negative,-0.55,1.0,87,0.03,0.68
1056696,1056696_10K_2020_0001564590-21-004542.json,item_7,Negative,-0.1,1.0,94,0.17,0.27
1056696,1056696_10K_2020_0001564590-21-004542.json,item_1A,Negative,-0.57,1.0,89,0.03,0.71
1064722,1064722_10K_2020_0001760319-21-000039.json,item_7,Positive,0.07,1.0,62,0.11,0.02
1064722,1064722_10K_2020_0001760319-21-000039.json,item_1A,Negative,-0.38,1.0,269,0.04,0.5
1066194,1066194_10K_2021_0001558370-21-012388.json,item_7,Negative,-0.1,1.0,69,0.12,0.26
1066194,1066194_10K_2021_0001558370-21-012388.json,item_1A,Negative,-0.55,1.0,118,0.02,0.67
1066684,1066684_10K_2020_0001104659-21-042359.json,item_7,Negative,-0.24,1.0,12,0.0,0.33
1066684,1066684_10K_2020_0001104659-21-042359.json,item_1A,Negative,-0.18,1.0,22,0.0,0.23
1073349,1073349_10K_2021_0001073349-21-000114.json,item_7,Neutral,-0.04,1.0,112,0.22,0.26
1073349,1073349_10K_2021_0001073349-21-000114.json,item_1A,Negative,-0.44,1.0,79,0.01,0.57
1081745,1081745_10K_2020_0001493152-21-007156.json,item_7,Positive,0.09,1.0,81,0.26,0.14
1081745,1081745_10K_2020_0001493152-21-007156.json,item_1A,Negative,-0.55,1.0,89,0.03,0.67
1082324,1082324_10K_2020_0001140361-21-008678.json,item_7,Negative,-0.06,1.0,59,0.07,0.15
1082324,1082324_10K_2020_0001140361-21-008678.json,item_1A,Negative,-0.44,1.0,103,0.02,0.55
1084048,1084048_10K_2020_0001084048-21-000012.json,item_7,Neutral,0.02,1.0,123,0.15,0.14
1084048,1084048_10K_2020_0001084048-21-000012.json,item_1A,Negative,-0.4,1.0,202,0.03,0.52
1084384,1084384_10K_2019_0001104659-21-035333.json,item_7,Neutral,-0.02,1.0,84,0.21,0.24
1084384,1084384_10K_2019_0001104659-21-035333.json,item_1A,Negative,-0.55,1.0,95,0.02,0.68
1084384,1084384_10K_2020_0001628280-21-012457.json,item_7,Negative,-0.05,1.0,76,0.11,0.18
1084384,1084384_10K_2020_0001628280-21-012457.json,item_1A,Negative,-0.5,1.0,99,0.03,0.64
1084577,1084577_10K_2020_0001213900-21-018692.json,item_7,Negative,-0.18,1.0,78,0.06,0.26
1084577,1084577_10K_2020_0001213900-21-018692.json,item_1A,Negative,-0.41,1.0,160,0.04,0.54
1092699,1092699_10K_2020_0001564590-21-007614.json,item_7,Positive,0.11,1.0,44,0.16,0.02
1092699,1092699_10K_2020_0001564590-21-007614.json,item_1A,Negative,-0.56,1.0,89,0.02,0.67
1102993,1102993_10K_2020_0001102993-21-000031.json,item_7,Positive,0.18,1.0,131,0.33,0.11
1102993,1102993_10K_2020_0001102993-21-000031.json,item_1A,Negative,-0.45,1.0,251,0.03,0.57
1107843,1107843_10K_2020_0001437749-21-003648.json,item_7,Neutral,0.03,1.0,66,0.17,0.14
1107843,1107843_10K_2020_0001437749-21-003648.json,item_1A,Negative,-0.49,1.0,165,0.03,0.62
1108524,1108524_10K_2021_0001108524-22-000008.json,item_7,Positive,0.07,1.0,108,0.24,0.13
1108524,1108524_10K_2021_0001108524-22-000008.json,item_1A,Negative,-0.5,1.0,201,0.04,0.63
1118417,1118417_10K_2021_0001118417-21-000166.json,item_7,Positive,0.07,1.0,58,0.14,0.07
1118417,1118417_10K_2021_0001118417-21-000166.json,item_1A,Negative,-0.4,1.0,245,0.03,0.52
1131554,1131554_10K_2020_0001131554-21-000012.json,item_7,Negative,-0.08,1.0,101,0.1,0.19
1131554,1131554_10K_2020_0001131554-21-000012.json,item_1A,Negative,-0.51,1.0,225,0.03,0.64
1160951,1160951_10K_2021_0001564590-21-052973.json,item_7,Positive,0.06,1.0,112,0.26,0.2
1160951,1160951_10K_2021_0001564590-21-052973.json,item_1A,Negative,-0.47,1.0,213,0.04,0.62
1166388,1166388_10K_2021_0001166388-21-000028.json,item_7,Negative,-0.22,1.0,157,0.04,0.3
1166388,1166388_10K_2021_0001166388-21-000028.json,item_1A,Negative,-0.33,1.0,123,0.06,0.46
1167419,1167419_10K_2020_0001079973-21-000221.json,item_7,Neutral,-0.03,1.0,72,0.12,0.17
1167419,1167419_10K_2020_0001079973-21-000221.json,item_1A,Negative,-0.44,1.0,192,0.04,0.57
1169561,1169561_10K_2021_0001169561-21-000018.json,item_7,Negative,-0.21,1.0,67,0.07,0.33
1169561,1169561_10K_2021_0001169561-21-000018.json,item_1A,Negative,-0.49,1.0,118,0.01,0.62
1169652,1169652_10K_2020_0001169652-21-000007.json,item_7,Positive,0.05,1.0,100,0.26,0.19
1169652,1169652_10K_2020_0001169652-21-000007.json,item_1A,Negative,-0.4,1.0,137,0.07,0.54
1212458,1212458_10K_2020_0001564590-21-006943.json,item_7,Positive,0.08,1.0,131,0.22,0.14
1212458,1212458_10K_2020_0001564590-21-006943.json,item_1A,Negative,-0.51,1.0,162,0.02,0.64
1261333,1261333_10K_2021_0001261333-21-000059.json,item_7,Positive,0.07,1.0,84,0.21,0.15
1261333,1261333_10K_2021_0001261333-21-000059.json,item_1A,Negative,-0.4,1.0,203,0.07,0.56
1262039,1262039_10K_2020_0001262039-21-000008.json,item_7,Positive,0.09,1.0,107,0.23,0.12
1262039,1262039_10K_2020_0001262039-21-000008.json,item_1A,Negative,-0.55,1.0,252,0.04,0.69
1280058,1280058_10K_2020_0001280058-21-000006.json,item_7,Negative,-0.09,1.0,163,0.22,0.31
1280058,1280058_10K_2020_0001280058-21-000006.json,item_1A,Negative,-0.48,1.0,88,0.05,0.62
1286225,1286225_10K_2020_0001286225-21-000007.json,item_7,Neutral,0.04,1.0,143,0.14,0.09
1286225,1286225_10K_2020_0001286225-21-000007.json,item_1A,Negative,-0.46,1.0,209,0.03,0.58
1288847,1288847_10K_2020_0001288847-21-000029.json,item_7,Positive,0.09,1.0,73,0.22,0.11
1288847,1288847_10K_2020_0001288847-21-000029.json,item_1A,Negative,-0.48,1.0,250,0.05,0.61
1301991,1301991_10K_2021_0001829126-21-011870.json,item_7,Negative,-0.38,1.0,22,0.0,0.5
1301991,1301991_10K_2021_0001829126-21-011870.json,item_1A,Negative,-0.5,1.0,58,0.0,0.59
1321655,1321655_10K_2020_0001193125-21-060650.json,item_7,Neutral,0.04,1.0,120,0.19,0.16
1321655,1321655_10K_2020_0001193125-21-060650.json,item_1A,Negative,-0.41,1.0,422,0.03,0.52
1327567,1327567_10K_2021_0001327567-21-000029.json,item_7,Positive,0.08,1.0,100,0.24,0.14
1327567,1327567_10K_2021_0001327567-21-000029.json,item_1A,Negative,-0.51,1.0,224,0.03,0.63
1327811,1327811_10K_2021_0001327811-21-000020.json,item_7,Positive,0.09,1.0,70,0.27,0.16
1327811,1327811_10K_2021_0001327811-21-000020.json,item_1A,Negative,-0.48,1.0,200,0.01,0.59
1337619,1337619_10K_2020_0001628280-21-003457.json,item_7,Negative,-0.07,1.0,146,0.11,0.19
1337619,1337619_10K_2020_0001628280-21-003457.json,item_1A,Negative,-0.43,1.0,116,0.02,0.56
1341439,1341439_10K_2021_0001564590-21-033616.json,item_7,Neutral,0.0,1.0,136,0.17,0.17
1341439,1341439_10K_2021_0001564590-21-033616.json,item_1A,Negative,-0.54,1.0,108,0.02,0.69
1342936,1342936_10K_2020_0001376474-21-000115.json,item_7,Negative,-0.16,1.0,19,0.05,0.21
1348036,1348036_10K_2020_0001564590-21-008919.json,item_7,Positive,0.05,1.0,149,0.17,0.11
1348036,1348036_10K_2020_0001564590-21-008919.json,item_1A,Negative,-0.49,1.0,93,0.04,0.63
1351636,1351636_10K_2020_0001564590-21-016134.json,item_7,Neutral,-0.01,1.0,96,0.17,0.17
1351636,1351636_10K_2020_0001564590-21-016134.json,item_1A,Negative,-0.5,1.0,188,0.04,0.63
1353283,1353283_10K_2021_0001353283-21-000009.json,item_7,Negative,-0.07,1.0,81,0.11,0.21
1353283,1353283_10K_2021_0001353283-21-000009.json,item_1A,Negative,-0.38,1.0,228,0.07,0.51
1353499,1353499_10K_2020_0001344676-21-000004.json,item_7,Negative,-0.11,1.0,26,0.08,0.19
1362190,1362190_10K_2020_0001104659-21-035092.json,item_7,Positive,0.16,1.0,52,0.23,0.04
1362190,1362190_10K_2020_0001104659-21-035092.json,item_1A,Negative,-0.45,1.0,85,0.05,0.58
1366561,1366561_10K_2021_0001366561-21-000036.json,item_7,Negative,-0.06,1.0,119,0.12,0.18
1366561,1366561_10K_2021_0001366561-21-000036.json,item_1A,Negative,-0.52,1.0,188,0.04,0.65
1370880,1370880_10K_2020_0001370880-21-000010.json,item_7,Negative,-0.1,1.0,135,0.09,0.21
1370880,1370880_10K_2020_0001370880-21-000010.json,item_1A,Negative,-0.47,1.0,302,0.04,0.6
1372612,1372612_10K_2021_0001564590-21-014377.json,item_7,Neutral,0.05,1.0,133,0.17,0.13
1372612,1372612_10K_2021_0001564590-21-014377.json,item_1A,Negative,-0.49,1.0,180,0.02,0.61
1373715,1373715_10K_2020_0001373715-21-000061.json,item_7,Neutral,0.04,1.0,107,0.2,0.18
1373715,1373715_10K_2020_0001373715-21-000061.json,item_1A,Negative,-0.44,1.0,127,0.04,0.55
1378590,1378590_10K_2021_0001437749-21-028984.json,item_7,Negative,-0.08,1.0,74,0.08,0.18
1378590,1378590_10K_2021_0001437749-21-028984.json,item_1A,Negative,-0.55,1.0,55,0.0,0.64
1385867,1385867_10K_2021_0001385867-21-000011.json,item_7,Positive,0.08,1.0,88,0.17,0.09
1385867,1385867_10K_2021_0001385867-21-000011.json,item_1A,Negative,-0.46,1.0,209,0.05,0.59
1389002,1389002_10K_2020_0001564590-21-009094.json,item_7,Negative,-0.18,1.0,102,0.03,0.23
1389002,1389002_10K_2020_0001564590-21-009094.json,item_1A,Negative,-0.47,1.0,195,0.04,0.6
1389067,1389067_10K_2020_0001477932-21-001762.json,item_7,Negative,-0.17,1.0,22,0.05,0.23
1389067,1389067_10K_2020_0001477932-21-001762.json,item_1A,Neutral,0.0,1.0,1,0.0,0.0
1392972,1392972_10K_2020_0001392972-21-000039.json,item_7,Neutral,-0.05,1.0,84,0.1,0.14
1392972,1392972_10K_2020_0001392972-21-000039.json,item_1A,Negative,-0.46,1.0,108,0.06,0.61
1393052,1393052_10K_2021_0001393052-21-000015.json,item_7,Neutral,0.04,1.0,83,0.17,0.12
1393052,1393052_10K_2021_0001393052-21-000015.json,item_1A,Negative,-0.4,1.0,176,0.06,0.54
1401680,1401680_10K_2020_0001401680-21-000011.json,item_7,Neutral,-0.03,1.0,79,0.16,0.19
1401680,1401680_10K_2020_0001401680-21-000011.json,item_1A,Negative,-0.48,1.0,173,0.02,0.61
1402436,1402436_10K_2020_0001564590-21-008862.json,item_7,Negative,-0.06,1.0,112,0.12,0.2
1402436,1402436_10K_2020_0001564590-21-008862.json,item_1A,Negative,-0.42,1.0,139,0.0,0.53
1404655,1404655_10K_2020_0001564590-21-006083.json,item_7,Positive,0.14,1.0,91,0.31,0.15
1404655,1404655_10K_2020_0001564590-21-006083.json,item_1A,Negative,-0.47,1.0,193,0.03,0.6
1408278,1408278_10K_2020_0001408278-21-000050.json,item_7,Negative,-0.13,1.0,70,0.09,0.24
1408278,1408278_10K_2020_0001408278-21-000050.json,item_1A,Negative,-0.48,1.0,92,0.03,0.6
1410384,1410384_10K_2020_0001410384-21-000022.json,item_7,Positive,0.07,1.0,238,0.24,0.16
1410384,1410384_10K_2020_0001410384-21-000022.json,item_1A,Negative,-0.47,1.0,230,0.04,0.6
1418100,1418100_10K_2021_0001418100-21-000095.json,item_7,Neutral,-0.02,1.0,89,0.18,0.19
1418100,1418100_10K_2021_0001418100-21-000095.json,item_1A,Negative,-0.37,1.0,164,0.05,0.49
1423774,1423774_10K_2021_0001423774-21-000020.json,item_7,Neutral,-0.03,1.0,98,0.19,0.22
1423774,1423774_10K_2021_0001423774-21-000020.json,item_1A,Negative,-0.44,1.0,258,0.07,0.59
1433195,1433195_10K_2020_0001433195-21-000024.json,item_7,Positive,0.14,1.0,85,0.25,0.09
1433195,1433195_10K_2020_0001433195-21-000024.json,item_1A,Negative,-0.43,1.0,128,0.07,0.59
1437352,1437352_10K_2020_0001564590-21-009422.json,item_7,Neutral,0.02,1.0,126,0.12,0.1
1437352,1437352_10K_2020_0001564590-21-009422.json,item_1A,Negative,-0.43,1.0,228,0.06,0.56
1437491,1437491_10K_2021_0001213900-21-034916.json,item_7,Neutral,-0.05,1.0,64,0.06,0.09
1437491,1437491_10K_2021_0001213900-21-034916.json,item_1A,Negative,-0.47,1.0,134,0.04,0.6
1441683,1441683_10K_2020_0001441683-21-000018.json,item_7,Neutral,-0.03,1.0,117,0.18,0.22
1441683,1441683_10K_2020_0001441683-21-000018.json,item_1A,Negative,-0.45,1.0,171,0.03,0.56
1441816,1441816_10K_2021_0001441816-21-000051.json,item_7,Positive,0.11,1.0,84,0.27,0.13
1441816,1441816_10K_2021_0001441816-21-000051.json,item_1A,Negative,-0.37,1.0,254,0.06,0.52
1445305,1445305_10K_2020_0001445305-21-000035.json,item_7,Positive,0.06,1.0,67,0.25,0.16
1445305,1445305_10K_2020_0001445305-21-000035.json,item_1A,Negative,-0.46,1.0,122,0.04,0.6
1447669,1447669_10K_2020_0001447669-21-000070.json,item_7,Positive,0.08,1.0,110,0.23,0.17
1447669,1447669_10K_2020_0001447669-21-000070.json,item_1A,Negative,-0.39,1.0,291,0.04,0.52
1448056,1448056_10K_2021_0001448056-21-000025.json,item_7,Neutral,0.01,1.0,115,0.22,0.21
1448056,1448056_10K_2021_0001448056-21-000025.json,item_1A,Negative,-0.43,1.0,198,0.04,0.56
1459200,1459200_10K_2020_0001459200-21-000012.json,item_7,Neutral,-0.03,1.0,153,0.12,0.15
1459200,1459200_10K_2020_0001459200-21-000012.json,item_1A,Negative,-0.45,1.0,255,0.04,0.58
1459417,1459417_10K_2020_0001459417-21-000003.json,item_7,Neutral,0.0,1.0,99,0.12,0.15
1459417,1459417_10K_2020_0001459417-21-000003.json,item_1A,Negative,-0.38,1.0,213,0.05,0.51
1463172,1463172_10K_2020_0001463172-21-000054.json,item_7,Positive,0.12,1.0,100,0.28,0.14
1463172,1463172_10K_2020_0001463172-21-000054.json,item_1A,Negative,-0.42,1.0,232,0.06,0.56
1467623,1467623_10K_2020_0001467623-21-000012.json,item_7,Neutral,-0.01,1.0,104,0.15,0.18
1467623,1467623_10K_2020_0001467623-21-000012.json,item_1A,Negative,-0.44,1.0,208,0.04,0.57
1467761,1467761_10K_2020_0001654954-21-004133.json,item_7,Negative,-0.14,1.0,43,0.16,0.33
1467761,1467761_10K_2020_0001654954-21-004133.json,item_1A,Negative,-0.62,1.0,70,0.01,0.74
1468666,1468666_10K_2021_0001468666-21-000012.json,item_7,Neutral,0.02,1.0,108,0.14,0.11
1468666,1468666_10K_2021_0001468666-21-000012.json,item_1A,Negative,-0.45,1.0,101,0.03,0.57
1477333,1477333_10K_2020_0001477333-21-000009.json,item_7,Positive,0.1,1.0,132,0.3,0.19
1477333,1477333_10K_2020_0001477333-21-000009.json,item_1A,Negative,-0.43,1.0,337,0.04,0.58
1477720,1477720_10K_2021_0001477720-21-000007.json,item_7,Positive,0.07,1.0,98,0.24,0.17
1477720,1477720_10K_2021_0001477720-21-000007.json,item_1A,Negative,-0.36,1.0,213,0.06,0.49
1505155,1505155_10K_2020_0001505155-21-000011.json,item_7,Negative,-0.09,1.0,106,0.14,0.25
1505155,1505155_10K_2020_0001505155-21-000011.json,item_1A,Negative,-0.5,1.0,157,0.01,0.62
1505952,1505952_10K_2021_0001505952-21-000007.json,item_7,Neutral,-0.03,1.0,91,0.14,0.2
1505952,1505952_10K_2021_0001505952-21-000007.json,item_1A,Negative,-0.44,1.0,239,0.04,0.58
1506439,1506439_10K_2020_0001654954-21-003521.json,item_7,Negative,-0.07,1.0,37,0.27,0.35
1506439,1506439_10K_2020_0001654954-21-003521.json,item_1A,Negative,-0.55,1.0,142,0.0,0.68
1517375,1517375_10K_2020_0001517375-21-000009.json,item_7,Positive,0.06,1.0,124,0.26,0.18
1517375,1517375_10K_2020_0001517375-21-000009.json,item_1A,Negative,-0.39,1.0,179,0.05,0.53
1517413,1517413_10K_2020_0001517413-21-000030.json,item_7,Neutral,0.03,1.0,150,0.24,0.19
1517413,1517413_10K_2020_0001517413-21-000030.json,item_1A,Negative,-0.43,1.0,258,0.06,0.57
1528396,1528396_10K_2021_0001528396-21-000095.json,item_7,Negative,-0.07,1.0,101,0.2,0.26
1528396,1528396_10K_2021_0001528396-21-000095.json,item_1A,Negative,-0.41,1.0,209,0.03,0.51
1535379,1535379_10K_2021_0001628280-21-005632.json,item_7,Negative,-0.14,1.0,68,0.09,0.24
1535379,1535379_10K_2021_0001628280-21-005632.json,item_1A,Negative,-0.48,1.0,115,0.01,0.57
1535527,1535527_10K_2021_0001535527-21-000007.json,item_7,Positive,0.11,1.0,180,0.24,0.12
1535527,1535527_10K_2021_0001535527-21-000007.json,item_1A,Negative,-0.44,1.0,253,0.04,0.59
1540184,1540184_10K_2021_0001540184-21-000004.json,item_7,Neutral,0.0,1.0,321,0.07,0.08
1540184,1540184_10K_2021_0001540184-21-000004.json,item_1A,Negative,-0.39,1.0,282,0.05,0.52
1540755,1540755_10K_2021_0001564590-21-012868.json,item_7,Positive,0.06,1.0,77,0.25,0.17
1540755,1540755_10K_2021_0001564590-21-012868.json,item_1A,Negative,-0.42,1.0,250,0.1,0.59
1560327,1560327_10K_2020_0001560327-21-000043.json,item_7,Positive,0.07,1.0,106,0.25,0.17
1560327,1560327_10K_2020_0001560327-21-000043.json,item_1A,Negative,-0.4,1.0,217,0.06,0.53
1561550,1561550_10K_2020_0001564590-21-009770.json,item_7,Positive,0.15,1.0,98,0.29,0.1
1561550,1561550_10K_2020_0001564590-21-009770.json,item_1A,Negative,-0.44,1.0,218,0.03,0.58
1566610,1566610_10K_2020_0001493152-21-007445.json,item_7,Neutral,-0.04,1.0,85,0.12,0.15
1566610,1566610_10K_2020_0001493152-21-007445.json,item_1A,Negative,-0.38,1.0,74,0.04,0.5
1566895,1566895_10K_2021_0001566895-21-000007.json,item_7,Positive,0.18,1.0,122,0.32,0.13
1566895,1566895_10K_2021_0001566895-21-000007.json,item_1A,Negative,-0.42,1.0,161,0.04,0.54
1567771,1567771_10K_2020_0001493152-21-013331.json,item_7,Negative,-0.05,1.0,8,0.12,0.12
1567771,1567771_10K_2020_0001493152-21-013331.json,item_1A,Neutral,0.0,1.0,1,0.0,0.0
1567900,1567900_10K_2020_0001437749-21-007800.json,item_7,Neutral,0.02,1.0,26,0.12,0.08
1567900,1567900_10K_2020_0001437749-21-007800.json,item_1A,Neutral,0.0,1.0,1,0.0,0.0
1568100,1568100_10K_2021_0001568100-21-000011.json,item_7,Positive,0.1,1.0,120,0.23,0.12
1568100,1568100_10K_2021_0001568100-21-000011.json,item_1A,Negative,-0.41,1.0,230,0.04,0.52
1576169,1576169_10K_2020_0001564590-21-011839.json,item_7,Negative,-0.17,1.0,97,0.14,0.32
1576169,1576169_10K_2020_0001564590-21-011839.json,item_1A,Negative,-0.42,1.0,169,0.03,0.54
1576914,1576914_10K_2021_0001628280-21-012152.json,item_7,Negative,-0.14,1.0,113,0.11,0.26
1576914,1576914_10K_2021_0001628280-21-012152.json,item_1A,Negative,-0.41,1.0,207,0.01,0.52
1580808,1580808_10K_2020_0001580808-21-000043.json,item_7,Negative,-0.16,1.0,66,0.14,0.33
1580808,1580808_10K_2020_0001580808-21-000043.json,item_1A,Negative,-0.47,1.0,203,0.06,0.63
1585521,1585521_10K_2021_0001585521-21-000048.json,item_7,Positive,0.14,1.0,92,0.23,0.07
1585521,1585521_10K_2021_0001585521-21-000048.json,item_1A,Negative,-0.41,1.0,267,0.04,0.54
1590955,1590955_10K_2020_0001564590-21-006660.json,item_7,Neutral,-0.05,1.0,94,0.16,0.21
1590955,1590955_10K_2020_0001564590-21-006660.json,item_1A,Negative,-0.41,1.0,111,0.05,0.53
1591698,1591698_10K_2021_0001558370-21-010711.json,item_7,Neutral,0.02,1.0,75,0.17,0.16
1591698,1591698_10K_2021_0001558370-21-010711.json,item_1A,Negative,-0.43,1.0,94,0.03,0.54
1609702,1609702_10K_2021_0001609702-21-000058.json,item_7,Negative,-0.09,1.0,130,0.15,0.25
1609702,1609702_10K_2021_0001609702-21-000058.json,item_1A,Negative,-0.48,1.0,119,0.01,0.61
1614178,1614178_10K_2021_0001614178-21-000065.json,item_7,Neutral,-0.01,1.0,78,0.19,0.18
1614178,1614178_10K_2021_0001614178-21-000065.json,item_1A,Negative,-0.51,1.0,214,0.02,0.63
1615165,1615165_10K_2020_0001564590-21-011303.json,item_7,Neutral,0.01,1.0,116,0.17,0.17
1615165,1615165_10K_2020_0001564590-21-011303.json,item_1A,Negative,-0.37,1.0,133,0.08,0.53
1618732,1618732_10K_2021_0000950170-21-001852.json,item_7,Negative,-0.05,1.0,123,0.15,0.22
1618732,1618732_10K_2021_0000950170-21-001852.json,item_1A,Negative,-0.45,1.0,274,0.03,0.59
1624512,1624512_10K_2020_0001493152-21-007447.json,item_7,Neutral,-0.05,1.0,73,0.07,0.14
1624512,1624512_10K_2020_0001493152-21-007447.json,item_1A,Negative,-0.42,1.0,101,0.05,0.53
1626450,1626450_10K_2020_0001564590-21-009501.json,item_7,Positive,0.11,1.0,82,0.28,0.15
1626450,1626450_10K_2020_0001564590-21-009501.json,item_1A,Negative,-0.5,1.0,227,0.04,0.62
1627857,1627857_10K_2020_0001628280-21-003310.json,item_7,Positive,0.07,1.0,100,0.24,0.15
1627857,1627857_10K_2020_0001628280-21-003310.json,item_1A,Negative,-0.44,1.0,126,0.05,0.58
1640147,1640147_10K_2021_0001640147-21-000073.json,item_7,Positive,0.06,1.0,151,0.23,0.17
1640147,1640147_10K_2021_0001640147-21-000073.json,item_1A,Negative,-0.39,1.0,174,0.05,0.51
1643269,1643269_10K_2021_0001643269-21-000006.json,item_7,Neutral,-0.01,1.0,122,0.2,0.24
1643269,1643269_10K_2021_0001643269-21-000006.json,item_1A,Negative,-0.44,1.0,245,0.06,0.59
1660134,1660134_10K_2021_0001660134-21-000007.json,item_7,Positive,0.1,1.0,101,0.18,0.07
1660134,1660134_10K_2021_0001660134-21-000007.json,item_1A,Negative,-0.45,1.0,245,0.04,0.58
1660280,1660280_10K_2020_0001660280-21-000027.json,item_7,Positive,0.09,1.0,115,0.23,0.14
1660280,1660280_10K_2020_0001660280-21-000027.json,item_1A,Negative,-0.37,1.0,185,0.06,0.51
1665300,1665300_10K_2020_0001628280-21-006256.json,item_7,Negative,-0.12,1.0,66,0.06,0.18
1665300,1665300_10K_2020_0001628280-21-006256.json,item_1A,Negative,-0.47,1.0,207,0.01,0.57
1666134,1666134_10K_2020_0001666134-21-000004.json,item_7,Positive,0.05,1.0,85,0.2,0.13
1666134,1666134_10K_2020_0001666134-21-000004.json,item_1A,Negative,-0.48,1.0,185,0.04,0.62
1671933,1671933_10K_2020_0001564590-21-006726.json,item_7,Positive,0.08,1.0,73,0.27,0.19
1671933,1671933_10K_2020_0001564590-21-006726.json,item_1A,Negative,-0.41,1.0,189,0.05,0.54
1679826,1679826_10K_2020_0001558370-21-001638.json,item_7,Positive,0.16,1.0,100,0.33,0.11
1679826,1679826_10K_2020_0001558370-21-001638.json,item_1A,Negative,-0.49,1.0,261,0.03,0.61
1682325,1682325_10K_2020_0001558370-21-001283.json,item_7,Neutral,0.02,1.0,68,0.21,0.19
1682325,1682325_10K_2020_0001558370-21-001283.json,item_1A,Negative,-0.42,1.0,96,0.03,0.53
1689923,1689923_10K_2020_0001689923-21-000024.json,item_7,Neutral,-0.02,1.0,91,0.16,0.2
1689923,1689923_10K_2020_0001689923-21-000024.json,item_1A,Negative,-0.43,1.0,320,0.06,0.56
1701732,1701732_10K_2020_0001564590-21-009427.json,item_7,Neutral,-0.02,1.0,128,0.15,0.17
1701732,1701732_10K_2020_0001564590-21-009427.json,item_1A,Negative,-0.32,1.0,186,0.06,0.45
1707753,1707753_10K_2021_0001707753-21-000026.json,item_7,Positive,0.08,1.0,133,0.2,0.08
1707753,1707753_10K_2021_0001707753-21-000026.json,item_1A,Negative,-0.47,1.0,258,0.04,0.59
1713683,1713683_10K_2021_0001713683-21-000175.json,item_7,Positive,0.1,1.0,140,0.23,0.12
1713683,1713683_10K_2021_0001713683-21-000175.json,item_1A,Negative,-0.4,1.0,244,0.09,0.57
1721947,1721947_10K_2020_0001558370-21-002391.json,item_7,Positive,0.1,1.0,127,0.27,0.14
1721947,1721947_10K_2020_0001558370-21-002391.json,item_1A,Negative,-0.45,1.0,293,0.02,0.56
1724570,1724570_10K_2020_0001724570-21-000015.json,item_7,Neutral,-0.02,1.0,152,0.19,0.2
1724570,1724570_10K_2020_0001724570-21-000015.json,item_1A,Negative,-0.43,1.0,315,0.05,0.57
1725057,1725057_10K_2020_0001564590-21-009508.json,item_7,Negative,-0.13,1.0,105,0.06,0.21
1725057,1725057_10K_2020_0001564590-21-009508.json,item_1A,Negative,-0.45,1.0,113,0.03,0.57
1725579,1725579_10K_2020_0001725579-21-000010.json,item_7,Positive,0.08,1.0,104,0.22,0.13
1725579,1725579_10K_2020_0001725579-21-000010.json,item_1A,Negative,-0.38,1.0,274,0.04,0.51
1739936,1739936_10K_2020_0001564590-21-006682.json,item_7,Neutral,-0.02,1.0,99,0.17,0.2
1739936,1739936_10K_2020_0001564590-21-006682.json,item_1A,Negative,-0.48,1.0,227,0.06,0.64
1739942,1739942_10K_2020_0001739942-21-000043.json,item_7,Neutral,-0.02,1.0,40,0.17,0.2
1739942,1739942_10K_2020_0001739942-21-000043.json,item_1A,Negative,-0.4,1.0,215,0.05,0.55
1764925,1764925_10K_2021_0001764925-21-000050.json,item_7,Neutral,0.03,1.0,119,0.21,0.18
1764925,1764925_10K_2021_0001764925-21-000050.json,item_1A,Negative,-0.41,1.0,388,0.05,0.56
1768267,1768267_10K_2021_0001564590-21-057931.json,item_7,Neutral,-0.03,1.0,155,0.14,0.17
1768267,1768267_10K_2021_0001564590-21-057931.json,item_1A,Negative,-0.41,1.0,134,0.01,0.51
1773383,1773383_10K_2021_0001773383-21-000054.json,item_7,Neutral,0.04,1.0,100,0.25,0.17
1773383,1773383_10K_2021_0001773383-21-000054.json,item_1A,Negative,-0.32,1.0,233,0.06,0.45
1786352,1786352_10K_2021_0001564590-21-046383.json,item_7,Positive,0.19,1.0,131,0.31,0.1
1786352,1786352_10K_2021_0001564590-21-046383.json,item_1A,Negative,-0.41,1.0,279,0.05,0.54
1794515,1794515_10K_2020_0001794515-21-000061.json,item_7,Neutral,0.03,1.0,194,0.14,0.12
1794515,1794515_10K_2020_0001794515-21-000061.json,item_1A,Negative,-0.37,1.0,329,0.06,0.51
1800667,1800667_10K_2020_0001193125-21-041470.json,item_7,Positive,0.08,1.0,94,0.2,0.12
1800667,1800667_10K_2020_0001193125-21-041470.json,item_1A,Negative,-0.44,1.0,251,0.03,0.56
1803696,1803696_10K_2020_0001564590-21-009444.json,item_7,Neutral,-0.0,1.0,132,0.13,0.13
1803696,1803696_10K_2020_0001564590-21-009444.json,item_1A,Negative,-0.42,1.0,231,0.02,0.53
1806837,1806837_10K_2020_0001558370-21-003017.json,item_7,Positive,0.11,1.0,178,0.26,0.13
1806837,1806837_10K_2020_0001558370-21-003017.json,item_1A,Negative,-0.49,1.0,107,0.07,0.64
1810806,1810806_10K_2020_0001810806-21-000052.json,item_7,Neutral,0.05,1.0,105,0.2,0.16
1810806,1810806_10K_2020_0001810806-21-000052.json,item_1A,Negative,-0.4,1.0,283,0.06,0.53
317788,317788_10K_2021_0001628280-21-012023.json,item_7,Neutral,0.03,1.0,140,0.11,0.07
317788,317788_10K_2021_0001628280-21-012023.json,item_1A,Negative,-0.46,1.0,246,0.03,0.57
320340,320340_10K_2020_0001437749-21-004982.json,item_7,Negative,-0.26,1.0,45,0.09,0.4
50471,50471_10K_2021_0001654954-21-010502.json,item_7,Neutral,-0.02,1.0,41,0.15,0.17
50471,50471_10K_2021_0001654954-21-010502.json,item_1A,Negative,-0.45,1.0,47,0.0,0.55
713425,713425_10K_2021_0001628280-21-013701.json,item_7,Negative,-0.19,1.0,74,0.18,0.41
713425,713425_10K_2021_0001628280-21-013701.json,item_1A,Negative,-0.56,1.0,151,0.02,0.7
723531,723531_10K_2021_0000723531-21-000035.json,item_7,Positive,0.24,1.0,33,0.3,0.0
723531,723531_10K_2021_0000723531-21-000035.json,item_1A,Negative,-0.61,1.0,47,0.02,0.72
727634,727634_10K_2020_0001213900-21-020616.json,item_7,Neutral,-0.01,1.0,50,0.16,0.2
736012,736012_10K_2020_0001683168-21-000836.json,item_7,Negative,-0.11,1.0,31,0.1,0.19
736012,736012_10K_2020_0001683168-21-000836.json,item_1A,Negative,-0.36,1.0,33,0.21,0.61
746210,746210_10K_2020_0000746210-21-000024.json,item_7,Negative,-0.12,1.0,52,0.08,0.23
746210,746210_10K_2020_0000746210-21-000024.json,item_1A,Negative,-0.49,1.0,90,0.0,0.6
769397,769397_10K_2021_0000769397-21-000014.json,item_7,Positive,0.06,1.0,137,0.2,0.13
769397,769397_10K_2021_0000769397-21-000014.json,item_1A,Negative,-0.5,1.0,126,0.02,0.63
78749,78749_10K_2021_0001564590-21-029319.json,item_7,Negative,-0.12,1.0,64,0.14,0.28
78749,78749_10K_2021_0001564590-21-029319.json,item_1A,Negative,-0.61,1.0,53,0.02,0.77
789019,789019_10K_2021_0001564590-21-039151.json,item_7,Positive,0.12,1.0,85,0.22,0.11
789019,789019_10K_2021_0001564590-21-039151.json,item_1A,Negative,-0.49,1.0,102,0.05,0.66
796343,796343_10K_2020_0000796343-21-000004.json,item_7,Positive,0.06,1.0,98,0.2,0.13
796343,796343_10K_2020_0000796343-21-000004.json,item_1A,Negative,-0.62,1.0,120,0.03,0.75
807863,807863_10K_2021_0000807863-21-000098.json,item_7,Negative,-0.09,1.0,104,0.1,0.2
807863,807863_10K_2021_0000807863-21-000098.json,item_1A,Negative,-0.42,1.0,127,0.03,0.52
807882,807882_10K_2021_0000807882-21-000016.json,item_7,Positive,0.08,1.0,63,0.25,0.16
807882,807882_10K_2021_0000807882-21-000016.json,item_1A,Negative,-0.53,1.0,102,0.02,0.65
813672,813672_10K_2021_0000813672-21-000009.json,item_7,Neutral,0.01,1.0,80,0.16,0.17
813672,813672_10K_2021_0000813672-21-000009.json,item_1A,Negative,-0.45,1.0,126,0.06,0.61
814547,814547_10K_2021_0000814547-21-000019.json,item_7,Negative,-0.08,1.0,116,0.1,0.21
814547,814547_10K_2021_0000814547-21-000019.json,item_1A,Negative,-0.51,1.0,104,0.04,0.64
814549,814549_10K_2020_0001628280-21-007671.json,item_7,Negative,-0.19,1.0,67,0.1,0.31
816761,816761_10K_2020_0000816761-21-000009.json,item_7,Neutral,-0.0,1.0,73,0.19,0.19
816761,816761_10K_2020_0000816761-21-000009.json,item_1A,Negative,-0.48,1.0,79,0.04,0.65
823546,823546_10K_2021_0001493152-21-017524.json,item_7,Positive,0.05,1.0,26,0.12,0.04
823546,823546_10K_2021_0001493152-21-017524.json,item_1A,Negative,-0.51,1.0,105,0.02,0.65
827876,827876_10K_2021_0001663577-21-000668.json,item_7,Negative,-0.05,1.0,49,0.06,0.14
827876,827876_10K_2021_0001663577-21-000668.json,item_1A,Negative,-0.42,1.0,146,0.03,0.53
829323,829323_10K_2020_0000829323-21-000010.json,item_7,Negative,-0.22,1.0,45,0.09,0.33
829323,829323_10K_2020_0000829323-21-000010.json,item_1A,Negative,-0.49,1.0,38,0.0,0.61
837852,837852_10K_2020_0001104659-21-044740.json,item_7,Negative,-0.1,1.0,87,0.16,0.29
837852,837852_10K_2020_0001104659-21-044740.json,item_1A,Negative,-0.44,1.0,83,0.01,0.55
843006,843006_10K_2020_0001654954-21-002389.json,item_7,Neutral,0.02,1.0,40,0.28,0.23
843006,843006_10K_2020_0001654954-21-002389.json,item_1A,Negative,-0.57,1.0,53,0.04,0.68
849399,849399_10K_2021_0000849399-21-000010.json,item_7,Negative,-0.18,1.0,74,0.11,0.31
849399,849399_10K_2021_0000849399-21-000010.json,item_1A,Negative,-0.52,1.0,94,0.02,0.66
855612,855612_10K_2020_0001564590-21-011255.json,item_7,Neutral,-0.02,1.0,85,0.18,0.22
855612,855612_10K_2020_0001564590-21-011255.json,item_1A,Negative,-0.48,1.0,136,0.03,0.62
857005,857005_10K_2021_0001564590-21-057806.json,item_7,Positive,0.08,1.0,84,0.2,0.13
857005,857005_10K_2021_0001564590-21-057806.json,item_1A,Negative,-0.49,1.0,62,0.03,0.6
860731,860731_10K_2020_0000860731-21-000014.json,item_7,Negative,-0.08,1.0,106,0.12,0.23
860731,860731_10K_2020_0000860731-21-000014.json,item_1A,Negative,-0.47,1.0,51,0.0,0.57
8670,8670_10K_2021_0000008670-21-000027.json,item_7,Positive,0.12,1.0,87,0.25,0.1
8670,8670_10K_2021_0000008670-21-000027.json,item_1A,Negative,-0.46,1.0,54,0.02,0.57
876167,876167_10K_2020_0000876167-21-000030.json,item_7,Negative,-0.1,1.0,109,0.19,0.29
876167,876167_10K_2020_0000876167-21-000030.json,item_1A,Negative,-0.63,1.0,70,0.0,0.73
877890,877890_10K_2020_0000877890-21-000051.json,item_7,Neutral,-0.03,1.0,111,0.14,0.18
877890,877890_10K_2020_0000877890-21-000051.json,item_1A,Negative,-0.42,1.0,157,0.06,0.56
883241,883241_10K_2021_0000883241-21-000022.json,item_7,Neutral,0.02,1.0,68,0.16,0.15
883241,883241_10K_2021_0000883241-21-000022.json,item_1A,Negative,-0.44,1.0,105,0.07,0.59
884144,884144_10K_2020_0001628280-21-004536.json,item_7,Negative,-0.1,1.0,78,0.1,0.21
884144,884144_10K_2020_0001628280-21-004536.json,item_1A,Negative,-0.48,1.0,145,0.03,0.59
892482,892482_10K_2020_0000892482-21-000008.json,item_7,Negative,-0.14,1.0,77,0.06,0.23
892482,892482_10K_2020_0000892482-21-000008.json,item_1A,Negative,-0.39,1.0,79,0.1,0.57
896878,896878_10K_2021_0000896878-21-000233.json,item_7,Neutral,0.03,1.0,99,0.13,0.1
896878,896878_10K_2021_0000896878-21-000233.json,item_1A,Negative,-0.59,1.0,125,0.02,0.7
922521,922521_10K_2020_0001628280-21-004460.json,item_7,Negative,-0.09,1.0,73,0.18,0.26
922521,922521_10K_2020_0001628280-21-004460.json,item_1A,Negative,-0.39,1.0,92,0.05,0.52
929940,929940_10K_2021_0000929940-21-000060.json,item_7,Negative,-0.06,1.0,101,0.16,0.23
929940,929940_10K_2021_0000929940-21-000060.json,item_1A,Negative,-0.53,1.0,42,0.12,0.69
935036,935036_10K_2020_0000935036-21-000014.json,item_7,Negative,-0.06,1.0,110,0.12,0.18
935036,935036_10K_2020_0000935036-21-000014.json,item_1A,Negative,-0.57,1.0,90,0.01,0.69
941685,941685_10K_2020_0001654954-21-003840.json,item_7,Negative,-0.06,1.0,115,0.11,0.19
941685,941685_10K_2020_0001654954-21-003840.json,item_1A,Negative,-0.35,1.0,81,0.01,0.44
944480,944480_10K_2020_0001140361-21-012540.json,item_7,Negative,-0.2,1.0,78,0.09,0.35
944480,944480_10K_2020_0001140361-21-012540.json,item_1A,Negative,-0.49,1.0,79,0.01,0.62
948708,948708_10K_2020_0001564590-21-011475.json,item_7,Neutral,0.04,1.0,41,0.1,0.05
948708,948708_10K_2020_0001564590-21-011475.json,item_1A,Negative,-0.49,1.0,60,0.02,0.6
